Stazione;gradi_lat;primi_lat;secondi_lat;gradi_lon;primi_lon;secondi_lon;quota;lon;lat
ACERNO                                      ;40;44;20;15;3;23.9;724;15.055793395980073;40.737905009931126
ACERRA                                      ;40;56;58.1;14;22;58.9;29;14.382162100407015;40.94846529724156
ACQUAVIVA D'ISERNIA                         ;41;40;42.5;14;9;8;785;14.151346023325944;41.67749170542639
AGEROLA (Pianillo)                          ;40;37;36.9;14;33;58.4;630;14.565360079535427;40.625915662574855
AGEROLA / AGEROLA (S.Lazzaro)               ;40;38;25.1;14;32;27.9;683;14.540225832311442;40.63929534705525
AGNANO (Terme)                              ;40;49;38.2;14;10;24;65;14.17245496773556;40.82628767327803
AILANO (Cons. Bonifica) /AILANO             ;41;21;58.9;14;11;22.2;117;14.188629464756588;41.365362869707184
ALATRI                                      ;41;43;35;13;20;37.9;458;13.342968248629136;41.72540220007484
ALBANELLA (Contrada Barizzo)                ;40;29;34.3;15;0;44.3;11;15.011456581821738;40.49186137009848
ALBANELLA / ALBANELLA (Paese)               ;40;28;40;15;6;53.5;261;15.114021462694602;40.47678773602188
ALFEDENA (Montagna Spaccata)                ;41;44;3;14;1;54;920;14.030766410711575;41.733191504049906
ALIFE                                       ;41;19;47.4;14;19;44.9;107;14.328261643153724;41.32883633299315
ALTAVILLA IRPINA                            ;41;0;31;14;46;42.9;337;14.77773153248758;41.00763092224062
ALTAVILLA SILENTINA                         ;40;31;48;15;7;45.9;256;15.12857307713848;40.52901532015518
ALVITO                                      ;41;41;29;13;44;56;489;13.747980439355329;41.690413670932735
AMALFI                                      ;40;38;6;14;36;10.9;13;14.602166354754372;40.634012021539355
AMALFI (Ente Provinciale del Turismo)       ;40;38;6.1;14;36;15.9;14;14.603561686317942;40.634016819967755
ANACAPRI (Capri) / ANACAPRI / CAPRI         ;40;32;47.6;14;13;1.1;308;14.216095954086443;40.545553322021306
ANAGNI (Osservatorio)                       ;41;45;16;13;8;33.9;400;13.14185366469119;41.753460493203285
ANAGNI (Consorzio Bonifica)                 ;41;44;6;13;9;10.9;280;13.152129662112948;41.734019207204895
ANAGNI / ANAGNI (Paese)                     ;41;44;37;13;9;40;424;13.160192569532054;41.74262372569168
APICE                                       ;41;7;13;14;55;54.9;208;14.93106504150348;41.119299450438696
APICE UFITA                                 ;41;8;20.6;14;55;37.9;171;14.926338891271682;41.138069127047906
AQUINO                                      ;41;29;36;13;42;5.3;101;13.700589937014144;41.49234683145041
ARCE (Brecciara)                            ;41;35;36;13;32;36;124;13.542420734064189;41.59235560426513
ARIANO DI PUGLIA / ARIANO IRPINO            ;41;9;21.5;15;5;39.8;784;15.093533133429462;41.154989628922436
ARPINO                                      ;41;38;58.8;13;36;38.1;456;13.609695129010174;41.648689367468236
ATINA                                       ;41;37;11;13;47;60;459;13.799095974550198;41.61874185943116
AULETTA                                     ;40;33;9.6;15;25;44.9;204;15.428298740609355;40.551671033816454
AVELLA                                      ;40;57;37;14;36;2.9;198;14.599946347045297;40.95929963132348
AVELLINO                                    ;40;54;58.9;14;47;2.4;351;14.783135260543432;40.91537002128738
AVERSA                                      ;40;58;6.1;14;12;10.9;47;14.202164579492822;40.967349234982784
AVEZZANO                                    ;42;2;40;13;25;15;712;13.419907871129968;42.04345755272529
AVEZZANO (Ente Fucino)                      ;42;2;6;13;25;11;697;13.418800945408274;42.03401283539893
AVIGLIANO                                   ;40;43;50.1;15;43;13.9;875;15.71970692660364;40.72957587450452
BAGNOLI IRPINO                              ;40;48;6;15;6;10.9;1075;15.10218578722631;40.800689722837745
BALSORANO (E. F.)                           ;41;48;58;13;33;17;355;13.553813547825486;41.81512786759653
BALSORANO (Enel)                            ;41;52;26;13;27;26.9;447;13.45657963913278;41.87290877597419
BALVANO                                     ;40;39;6;15;30;55.9;447;15.514696082450566;40.65068479896593
BARONISSI                                   ;40;44;50.9;14;46;15.9;188;14.770228930462569;40.74647313953384
BATTIPAGLIA                                 ;40;36;31.4;14;59;1.7;72;14.982953494101844;40.607723789037905
BATTIPAGLIA (Aversana)                      ;40;33;6;14;55;10.9;1;14.918849002207661;40.5506796840223
BELLA                                       ;40;46;6;15;32;11;693;15.535536447900368;40.767350026761115
BELLOSGUARDO                                ;40;25;27.9;15;18;44.4;551;15.311488986886065;40.423415251820394
BELLOSGUARDO (C.so Garibaldi)               ;40;25;25.9;15;18;39.2;552;15.310060116097176;40.42286954067861
BENEVENTO                                   ;41;7;59.1;14;46;46.5;138;14.778729776228673;41.132088060805465
Benevento - Osservatorio Natur. Monte Pino  ;41;6;30.1;14;44;31.6;180;14.7412497883539;41.10737318034504
BENEVENTO(P.te Cellarulo)                   ;41;8;34.8;14;45;47.7;105;14.76238356998669;41.142009281907995
BISEGNA (E. F.)                             ;41;55;21;13;45;31;1204;13.75770229543109;41.921522133615106
BONITO                                      ;41;5;26;14;59;38;488;14.99302146645837;41.08957542987981
BOVILLE ERNICA                              ;41;38;2.9;13;27;49.9;171;13.462974160364318;41.63315739709519
BRIENZA                                     ;40;28;31;15;37;47;699;15.628874365678502;40.47428627710354
BUCCIANO                                    ;41;4;22.4;14;35;24.1;254;14.589158674489681;41.071908130908795
BUCCINO                                     ;40;38;1.1;15;22;40.9;575;15.37720021105685;40.632630856775464
BUONALBERGO                                 ;41;13;21.5;14;58;24.7;525;14.972666188736488;41.22165560102541
CAIAZZO                                     ;41;10;50.4;14;21;31.9;207;14.357985053918226;41.17967639913
CALABRITTO ( QUAGLIETTA)                    ;40;45;6;15;14;11;221;15.23552805020428;40.75068654512059
CAMPAGNA                                    ;40;40;5.1;15;6;27.9;299;15.106903236261259;40.667070152606556
CAMPOLATTARO                                ;41;17;12;14;43;37.9;525;14.726335614961172;41.285694092565016
CANCELLO /REGI LAGNI / COLLINA CANCELLO     ;40;59;38.1;14;26;3.9;233;14.433559280030844;40.992914244609054
CANCELLO ARNONE                             ;41;4;34.8;14;1;50.5;8;14.02981647030771;41.075339161337595
CANISTRO (Enel)                             ;41;56;38;13;24;45;571;13.411584808307792;41.94290503139407
CANTERNO (Enel)                             ;41;45;19.4;13;15;53.9;531;13.264053190201146;41.75439967059296
CAPACCIO                                    ;40;25;31;15;5;1.9;434;15.083012009625683;40.424291546136644
CAPISTRELLO                                 ;41;58;4;13;23;29.9;744;13.390741444083964;41.96679659207787
CAPO PALINURO (Aero.Militare) /CAPO PALINURO;40;1;34;15;16;52.9;175;15.280512324084873;40.02510957800376
CAPOSELE / (Acquedotto Pugliese)            ;40;49;2.1;15;13;17.9;419;15.220795700223528;40.81624347943014
CAPPADOCIA                                  ;42;0;24;13;16;51;1096;13.27991382642998;42.005680994845015
CAPRI (Aeronautica Militare)                ;40;32;57.7;14;14;27.2;265;14.240025556982303;40.54835277490003
 CAPRI (Semaforo)                                    ;40;32;46.2;14;15;15.6;261;14.253453211954195;40.54517915339238
CAPRIATI AL VOLTURNO                                ;41;28;7.4;14;8;54.1;292;14.147488844630185;41.46774067240082
CAPUA                                               ;41;6;29.1;14;12;52.9;24;14.213825975335112;41.10708024334973
CAPUA P. ANNIBALE                                   ;41;8;6.2;14;16;19.1;22;14.271097733455116;41.13406610497489
CARDITO (Lago Selva Enel)                           ;41;36;23;13;58;21;900;13.971598528253175;41.60540895781182
CARIFE                                              ;41;1;41;15;12;40;715;15.21024563456685;41.02707501306126
CARPINETO ROMANO                                    ;41;36;18;13;5;3;560;13.083246429383774;41.6040160175149
CARPINONE                                           ;41;35;37;14;19;32.9;650;14.32493384210995;41.59263367517011
CASALBUONO                                          ;40;12;52;15;40;59.9;600;15.682476412958822;40.21344834109087
CASALETTO SPARTANO (Enel)                           ;40;8;56.5;15;37;12.4;325;15.61926879077148;40.148017434455646
CASALVELINO                                         ;40;11;27.1;15;6;31.9;175;15.1080063831572;40.18984124026464
CASALVIERI                                          ;41;39;48;13;42;4;409;13.7002040886478;41.6623492748936
CASAMARI                                            ;41;40;19;13;29;17;287;13.487144905940614;41.67096431271552
CASAMICCIOLA / CASAMICCIOLA (Osservatorio)          ;40;44;46;13;54;51.3;123;13.913368138688973;40.74509964777846
CASELLE IN PITTARI SABETTA (Enel) (Contrada Sabetta);40;11;31.5;15;33;19.8;306;15.554671827929491;40.191085450094825
CASERTA                                             ;41;4;6.1;14;19;10.9;58;14.31882520923438;41.06735728618587
CASERTA (Genio Civile)                              ;41;4;18;14;19;54.9;63;14.331050809688035;41.070689795108876
CASORIA LUFRANO                                     ;40;53;27.2;14;20;6.4;20;14.334228467672817;40.88987933587425
CASSANO IRPINO                                      ;40;52;20.5;15;1;39.9;513;15.026889839876404;40.87136689797164
CASSINO (Colonia Solare)                            ;41;29;18;13;49;29.9;79;13.824093487733464;41.48735297303298
CASSINO (Genio Civile)                              ;41;29;38;13;49;42;75;13.82743117608408;41.492908444862316
CASTEL SAN VINCENZO /CASTEL SAN VINCENZO (Enel)     ;41;39;6;14;3;40;706;14.060213316818;41.65068936288829
CASTELCIVITA                                        ;40;29;46;15;13;58.9;422;15.232189315028185;40.49512417085982
CASTELFRANCO IN MISCANO                             ;41;17;57;15;5;3.9;763;15.083572839084425;41.29819448130759
CASTELGRANDE                                        ;40;47;6;15;25;11;891;15.418860649590842;40.78402073525471
CASTELLABATE                                        ;40;16;43.1;14;57;4.9;200;14.950512503534721;40.27762325124429
CASTELLAMARE DI STABIA                              ;40;41;30;14;28;16.9;27;14.47049562949455;40.690679199142025
CASTELLAMMARE DI DI STABIA (Quisisana)              ;40;41;12.2;14;29;22.2;157;14.488641219503275;40.685716181675886
CASTELLO D'ALIFE                                    ;41;22;6;14;22;11;438;14.368829684628992;41.367357061464524
CASTELLONORATO                                      ;41;17;0.6;13;41;1;300;13.6827185690197;41.28251759926121
CASTELLUCCIO COSENTINO                              ;40;34;58.2;15;20;19.4;428;15.337874993143119;40.58183510475155
CASTELNUOVO CILENTO                                 ;40;13;38.9;15;9;48.3;34;15.162579379273206;40.22647274701953
CASTELNUOVO PARANO                                  ;41;22;6.1;13;45;10.9;292;13.752149977233351;41.36735714740551
CASTELPIZZUTO                                       ;41;31;18.6;14;17;36;838;14.292458109716682;41.52083105478046
CASTELVOLTURNO                                      ;41;1;59.7;13;56;44.8;2;13.944906450717957;41.03224690150421
CAVA DE' TIRRENI (Ente Provinciale Turismo)         ;40;42;6.7;14;42;23.9;199;14.705779814764416;40.70086052169848
CAVA DE' TIRRENI (Frazione Badia)                   ;40;40;59.8;14;41;33.5;356;14.691767661112845;40.68228419679326
CECCANO                                             ;41;34;13.5;13;20;29.3;125;13.34058049743691;41.56943463842995
CELANO                                              ;42;5;20;13;32;29;779;13.540475255153611;42.08790589130711
CELLOLE                                             ;41;11;54.9;13;50;12.2;7;13.835842391204485;41.197596627556536
CELLOLE-Fasano (Enel)                               ;41;14;10.8;13;52;39.9;48;13.876877067987108;41.235340662674595
CEPRANO                                             ;41;33;15;13;31;26;126;13.522977019659844;41.55318855272958
CEPRANO (Colle Mezzo) / CEPRANO (Enel)              ;41;33;6;13;31;11;105;13.518813480552183;41.550685098747515
CERCEMAGGIORE                                       ;41;28;6;14;43;11;950;14.718842978713937;41.46735862080537
CERCHIO                                             ;42;4;4;13;35;57.9;826;13.598528802832869;42.06679867578838
CERRETO COGNOLE                                     ;40;14;48.6;15;39;35.9;570;15.65912256624372;40.245827869203495
CERRETO SANNITA                                     ;41;17;10.6;14;33;35.4;286;14.558959516732646;41.28529162676449
CERVARO                                             ;41;29;2.8;13;54;18.4;256;13.904206356940827;41.483118185396776
CETARA                                              ;40;38;55.6;14;42;4.2;27;14.700300420648741;40.647767406937334
CETRONICO                                           ;40;48;36.1;14;42;32.2;288;14.70808873759288;40.809031856097484
CICERALE / CICERALE CILENTO                         ;40;21;6;15;8;10.9;433;15.135511016274107;40.35067344370074
CIMITILE                                            ;40;56;29.5;14;31;15.1;35;14.519991300930133;40.940527658773746
CIVITA D'ANTINO                                     ;41;53;12;13;28;16;894;13.470192934809067;41.88568195774728
CIVITELLA LICINIO                                   ;41;18;41;14;31;36.9;396;14.526056943087761;41.310409345526175
CIVITELLA ROVETO                                    ;41;54;54.3;13;25;49.4;530;13.429469980746012;41.91409666567224
COLLE SANNITA                                       ;41;21;32.4;14;49;56.8;741;14.831573474173695;41.35802048985674
COLLEFERRO                                          ;41;44;11;12;59;48.9;235;12.996016446831721;41.735400482892096
COLLEPARDO (Trisulti)                               ;41;46;51;13;23;52.9;803;13.397133882536938;41.779849955127986
COLLETORCINO (Colletorto)                           ;41;27;6;14;5;11;163;14.085493404822742;41.450691027718165
COLLI AL VOLTURNO / COLLI AL VOLTURNO (Enel)        ;41;36;57;14;5;42.9;349;14.094376292903402;41.61485439387137
CONCA MARINI                                        ;40;37;6.1;14;34;10.9;213;14.568832180736578;40.61735237543996
CONTURSI                                            ;40;39;21.2;15;13;45.5;125;15.228460267204145;40.6548940506147
CORENO AUSONIA                                      ;41;20;50.4;13;46;53.7;351;13.780676117466482;41.34634258850901
CUSANO MUTRI                                        ;41;20;30;14;30;20.5;463;14.504825965345681;41.34067563266714
DESERTO DI MASSALUBRENSE                            ;40;36;42;14;21;55.9;451;14.364656617528874;40.610680117720875
DRAGONI                                             ;41;16;17.2;14;18;45.3;118;14.31171591420978;41.2704503033057
EBOLI                                               ;40;37;28.2;15;3;30;170;15.057471588253879;40.623512129226576
ERCOLANO / VESUVIO (Osservatorio)                   ;40;49;45;14;23;51.9;583;14.396882702194475;40.828183733118195
ESPERIA INFERIORE                                   ;41;23;11;13;41;5.9;306;13.684088208628644;41.385406068653765
FAICCHIO                                            ;41;16;47;14;28;51;182;14.479944271253327;41.2787464898087
FELITTO                                             ;40;22;33;15;14;24.8;265;15.239385531635351;40.37482079913812
 FERENTINO                                              ;41;41;40;13;15;27;340;13.256584576173797;41.6934653183209
FILIGNANO                                              ;41;32;33.9;14;3;41.6;464;14.060665335475242;41.54176133304122
FIUGGI (Fonte/Fonte Vecchia) / FIUGGI                  ;41;47;32;13;13;17;603;13.220468472351117;41.79123559344227
FLUMERI                                                ;41;4;43;15;8;58.9;601;15.148849684502496;41.07763393277126
FOCE SELE                                              ;40;29;1.9;14;56;57.4;2;14.948438940439978;40.48285047587585
FONTANA LIRI (Diga Cerasoli - Enel)                    ;41;37;7;13;32;24;181;13.539091046713203;41.61763164162062
FONTANA LIRI (Enel) / FONTANA LIRI SUPERIORE           ;41;36;43;13;34;25;409;13.572701258153206;41.610965530538714
FONTANA LIRI (Fontecupa)                               ;41;38;13.2;13;33;2.3;196;13.549733434527713;41.63601428274688
FONTANA DELL'OLMO                                      ;40;48;32;14;55;18.9;568;14.921073636871089;40.80790574747562
FORINO                                                 ;40;51;41;14;44;23.9;405;14.739116438389116;40.86040909866345
FORIO D'ISCHIA                                         ;40;43;38.6;13;52;46.6;234;13.87871750791947;40.726391200892984
FORLI' DEL SANNIO                                      ;41;41;48;14;10;44.9;609;14.178266106972401;41.69569230306864
FORMICOLA                                              ;41;12;37.8;14;13;50.7;202;14.229884590038013;41.20951743181058
FORNELLI                                               ;41;36;6;14;8;11;400;14.13549349201106;41.600687568900014
FRIGENTO                                               ;41;0;49;15;6;3;897;15.099967554561855;41.012630238911164
FROSINONE (Genio Civile ) / FROSINONE                  ;41;38;20;13;20;50;174;13.346304633354572;41.637905546675846
FUCINO (Borgo Via Nuova E. F.)                         ;42;1;6;13;27;10.9;663;13.452137075117637;42.01734653562746
FUCINO St.28;41;57;17;13;38;17;662;13.637145085243144;41.953739254887154
FUCINO St.39;41;57;17.7;13;29;11.8;664;13.485706611538422;41.95393083696729
FUSARO                                                 ;40;49;38.1;14;3;6.4;1;14.050912524005996;40.826252591444515
GAETA (Elena) / ELENA /GAETA                           ;41;13;6;13;33;10.9;95;13.552138946855472;41.2173478645372
GAETA (Istituto Nautico)                               ;41;12;48;13;34;12.9;15;13.569366126341986;41.21234790162094
GAETA (Torre Orlando)                                  ;41;12;26.6;13;34;18.6;32;13.570950717290227;41.2064046381931
GALLO (Enel)                                           ;41;27;39.6;14;13;41.4;825;14.22729949049947;41.46001776230912
GAURO                                                  ;40;42;54.8;14;57;48.9;312;14.96271666924452;40.714210854961976
GIFFONI VALLEPIANA                                     ;40;43;3.9;14;56;37.8;192;14.942978386812536;40.71674322131751
GIFFONI VALLEPIANA (Centrale Carpinelli)               ;40;43;27.1;14;56;58.5;200;14.94873939695302;40.72319608528884
GINESTRA DEGLI SCHIAVONI                               ;41;16;53.7;15;2;30.8;529;15.04102819314221;41.28059841599906
GIOI CILENTO / GIOI                                    ;40;17;23.5;15;13;4.9;668;15.217199508202723;40.2888447354719
GIOIA VECCHIA                                          ;41;54;1;13;44;6;1374;13.734094890091074;41.899297403737435
GRAGNANO                                               ;40;41;58.6;14;30;31.5;79;14.507883432816755;40.69861003505811
GRAZZANISE                                             ;41;5;33;14;6;27.9;14;14.106875884463046;41.091518865763405
GRAZZANISE(P.te Volturno)                              ;41;5;36.9;14;6;23;4;14.105515921313588;41.09258926019786
GROTTAMINARDA                                          ;41;4;9;15;3;45.9;411;15.061903917830133;41.06819193091368
GROTTAMINARDA (Ponte Doganella)                        ;41;4;11.1;15;6;6.9;341;15.101076135190826;41.06874975373069
GUARCINO                                               ;41;47;47;13;19;2.9;565;13.316577194598999;41.795404535075335
ISCHIA (Ponte) / ISCHIA (Pilastri)                     ;40;43;15;13;56;32.5;14;13.941496750966191;40.719822386269406
ISCHIA (Porto)                                         ;40;44;31.8;13;56;48.6;8;13.945943151357358;40.741176859115626
ISERNIA                                                ;41;35;27;14;13;39.9;426;14.226880933029994;41.58985438817643
ISOLA LIRI /Cartiera Boimond /SUP./S.Domenico di Sora  ;41;41;31;13;35;4.9;271;13.583803235912987;41.69096634736172
ITRI                                                   ;41;17;43;13;32;2.9;174;13.533252396721286;41.294293023008144
LACENO / LACENO LAGO                                   ;40;48;39.1;15;7;2;1065;15.11635625356872;40.80985593478659
LAGO FUCINO 8000 / FUCINO 8000 ;41;59;47;13;32;57;650;13.54825355681682;41.99540250863163
LAGO MATESE (Defenza)                                  ;41;25;4;14;25;47;1060;14.428850831060732;41.416806510549755
LAGO MATESE (S. Michele)                               ;41;25;31.2;14;22;56.4;1023;14.381442236645155;41.42433481617185
LAGO MATESE (Scennerato)                               ;41;24;28;14;25;26;1013;14.423004234434769;41.406806073529246
LAGO MATESE (Brecce) / LAGO MATESE (Brecce Enel        ;41;24;54;14;22;39;1018;14.37661034010091;41.414022234302244
LAURO                                                  ;40;52;53.9;14;38;3.3;213;14.633392008630418;40.880651551884206
LETINO (Bacino Enel)                                   ;41;26;46;14;14;18;900;14.23743604154367;41.445133191846914
LETINO / LETINO (Paese)                                ;41;27;18.3;14;15;12.4;1017;14.252572344111721;41.45409578416724
LICOLA / LICOLA (Bonif.Op.Naz.Combattenti)             ;40;52;27.1;14;2;58.9;3;14.048818466352303;40.873186197149806
LUOGOSANO                                              ;40;59;11.4;14;59;27.9;396;14.990226952346541;40.985513541766494
MAIORI                                                 ;40;39;8.2;14;38;35.9;26;14.642445032403085;40.65128731226666
MAIORI (Frazione Vecite)                               ;40;39;56.8;14;38;45;75;14.644963912026942;40.6647720650446
MASSALUBRENSE (Fraz. Termini)                          ;40;35;26.7;14;20;20.9;292;14.338266133761197;40.58973984496373
MASSALUBRENSE (Frazione Nerano)                        ;40;35;13.7;14;20;53;172;14.34718774610743;40.58613307097563
MASSALUBRENSE (Frazione Turro)                         ;40;36;13.9;14;21;10.2;250;14.351965655860571;40.60285312053754
MATERDOMINI (Casa priv.) /MATERDOMINI                  ;40;49;4.2;15;14;18.1;560;15.23751681469486;40.81684986806615
MATERDOMINI (Gen. Civ.) / MATERDOMINI / (Acq. Pugliese);40;49;2.1;15;14;1.9;525;15.233020703281527;40.81624646208392
MERANGELI DEI LIBERI                                   ;41;14;0.1;14;16;53.3;525;14.280590628982859;41.23237370177976
MERCATO SAN SEVERINO / SAN SEVERINO ROTA               ;40;47;10;14;45;38.9;149;14.759950560392676;40.78512580983948
MIGNANO (Montelungo)                                   ;41;25;27;13;58;8.9;156;13.968268191088637;41.423190834296335
MIGNANO MONTELUNGO (Enel)                              ;41;24;6;13;58;10.9;188;13.96881564735621;41.40068640500703
MINORI                                                 ;40;39;3.1;14;37;35.9;32;14.625775400512008;40.64984715487151
MINTURNO (Pantano di Sessa)/PANTANO DI SESSA           ;41;14;17.4;13;46;12.4;5;13.769211403801487;41.237176475647125
MINTURNO (Punta Fiume)                                 ;41;13;37.3;13;46;2.2;1;13.766378277324431;41.22602185602313
MIRANDA                                                ;41;38;6;14;14;10.9;672;14.23548990278915;41.6340197926882
MONDRAGONE (Idrovora del Mazzafarro)                   ;41;4;56.1;13;55;48.9;1;13.929373336232933;41.08124152294702
MONTE DI MEZZO                                         ;41;45;6;14;14;11;985;14.23549030310987;41.75068732722989
MONTE S. GIACOMO                                       ;40;21;6;15;32;10.9;938;15.535535085004545;40.35067518163073
MONTECALVO IRPINO / MONTECALVO IRPINO (Malvizza)       ;41;11;41.5;15;2;0.2;584;15.032530878425487;41.19387406202538
 MONTECASSINO                                              ;41;29;32.1;13;48;55.1;504;13.814415336774152;41.491261795472866
MONTECIVITA FARNESE                                       ;41;19;6.1;13;31;10.9;359;13.51880484111309;41.31735582653666
MONTECORVINO ROVELLA (Azienda Torre Lama)                 ;40;37;6.6;14;55;53.2;45;14.930590429754183;40.617487719198245
MONTECORVINO ROVELLA (Bellizzi)                           ;40;37;7.4;14;56;38.2;49;14.94309812635286;40.6177287866651
MONTEFALCIONE                                             ;40;58;6.1;14;53;11;556;14.885515874738047;40.967359629755464
MONTEFALCONE VAL FORTORE                                  ;41;19;31;15;0;39.6;813;15.0101433809088;41.32430160791583
MONTELLA                                                  ;40;51;5;15;2;47.9;501;15.045791806800397;40.85040743711277
MONTELLA (P.te S. Francesco)                              ;40;50;55.8;15;3;4;501;15.050262410213296;40.84783818065117
MONTEMAGGIORE II SALTO                                    ;41;24;6;13;52;11;25;13.868818920638164;41.400683445544715
MONTEMARANO                                               ;40;55;7;14;59;50;825;14.996364728810299;40.91761876040479
MONTEMARANO (V. Strada)                                   ;40;54;54.8;15;0;16.1;874;15.003620488600655;40.91423163999256
MONTERODUNI                                               ;41;31;25;14;10;31;438;14.174382816788148;41.52263804861356
MONTESANO (Terme)                                         ;40;16;58;15;41;33.9;639;15.691926835294472;40.28178132869099
MONTESARCHIO (Monaco)                                     ;41;4;10.1;14;37;50.9;299;14.62994642942402;41.06847014583814
MONTEVERGINE                                              ;40;56;14.1;14;43;46.9;1258;14.728840092178183;40.936244404297454
MORCONE                                                   ;41;20;35.9;14;40;19.6;457;14.671237504719238;41.34231618558847
MORIGERATI                                                ;40;8;33;15;33;19.8;292;15.554679296315523;40.141506692453895
MURO LUCANO                                               ;40;45;49;15;28;53.9;588;15.480808986768361;40.762627341536565
NAPOLI (Castel dell'Ovo)                                  ;40;49;40.9;14;14;58.8;0;14.248806848870373;40.827044323749305
NAPOLI (Marinella Fognature)                              ;40;53;14.1;14;13;50.8;160;14.22990588195423;40.88623918595533
NAPOLI (Ponticelli)                                       ;40;51;31.5;14;20;13.4;30;14.33618751807944;40.8577581007951
NAPOLI (S. Rocco di Capodimonte)                          ;40;52;40.9;14;14;8.9;183;14.234926122309805;40.87702113900655
NAPOLI (Serbatoio di Capodimonte) / NAPOLI (AMAN)         ;40;51;54.1;14;15;14.9;121;14.253266069977231;40.864016304350685
NAPOLI (Aeroporto di Capodichino)                         ;40;53;24.8;14;18;13.1;62;14.302766705081666;40.88923400173307
NAPOLI (Camaldoli) / CAMALDOLI / CAMALDOLI (Eremo)        ;40;51;39.1;14;12;8.9;382;14.201605002892716;40.85985077696295
NAPOLI (Capodimonte)                                      ;40;51;59.2;14;15;10.9;129;14.252146519377712;40.86544136555554
NAPOLI (Istituto di Fisica Terrestre)                     ;40;50;56.6;14;15;34.8;18;14.258783534188666;40.84806218929579
NAPOLI (Osservatorio di Capodimonte)                      ;40;51;52.1;14;15;23;152;14.255526763107607;40.863463396957435
NAPOLI (Posillipo)                                        ;40;48;28.9;14;12;17.9;38;14.204099829218254;40.807025322736436
NAPOLI (Servizio Idrografico)                             ;40;50;38.3;14;15;28.1;7;14.256942449087685;40.84296065526827
NAPOLI (Via Manzoni)                                      ;40;49;8.5;14;12;9.2;170;14.201691700389611;40.81802587630478
NAPOLI (Villa Comunale) / NAPOLI (Villa Nazionale)        ;40;50;1.5;14;14;13.7;2;14.236265558833498;40.832745318828536
NAPOLI (Villa Salve Vomero)                               ;40;50;47.7;14;13;4.4;121;14.217007646525643;40.84558816321287
NOCERA INFERIORE                                          ;40;44;43;14;38;39.9;48;14.64355826134505;40.74429569341148
OLEVANO SUL TUSCIANO / OLEVANO SUL TUSCIANO (Enel)        ;40;39;28.1;15;1;42.6;150;15.027643373592882;40.656810382354614
OLEVANO SUL TUSCIANO (Presa Enel)                         ;40;42;23.3;15;2;45.1;453;15.04501763539309;40.70546973446688
OLIVETO CITRA                                             ;40;42;48.1;15;12;33.9;299;15.208577665734635;40.71235283914256
ORTONA DEI MARSI                                          ;41;57;59;13;44;49;949;13.746037177568576;41.96540986217321
ORTUCCHIO                                                 ;41;57;6;13;38;10.9;662;13.635472822034835;41.950684232230415
OVINDOLI                                                  ;42;8;24;13;31;3.9;1354;13.516855206838837;42.13901888472296
PADULA                                                    ;40;20;32.5;15;39;38;683;15.659721841091663;40.3413667369662
PADULI                                                    ;41;10;12.5;14;53;18.4;378;14.887585254179557;41.1691512039393
PADULI(P.te Valentino)                                    ;41;8;57;14;50;7.6;142;14.834578415230872;41.14817990230513
PAGO VEIANO                                               ;41;14;57;14;53;30.9;385;14.89106624677929;41.24818933408497
PALIANO                                                   ;41;48;33;13;3;17.9;454;13.054070078674322;41.8081794074085
PALMA CAMPANIA                                            ;40;51;55;14;32;30.9;50;14.541058354623495;40.864295292851494
PELLEZZANO                                                ;40;43;41.3;14;45;39.7;275;14.760182766382927;40.72712932313073
PERSANO (Diga)                                            ;40;36;11.7;15;7;28.1;63;15.123619089103364;40.602253623008586
PERSANO (R. Tenuta) / PERSANO                             ;40;33;0.8;15;3;8.8;22;15.051585606549141;40.54922822146449
PERSANO SELE                                              ;40;32;43.2;15;2;0.3;35;15.032568811763436;40.54433431811719
PESCINA                                                   ;42;1;39;13;39;46;750;13.661863854651067;42.02652220233763
PESCOLAMAZZA / PESCOSANNITA                               ;41;13;56;14;48;32.9;432;14.80828565206792;41.231245704696065
PETRELLA LIRI (E. F.)                                     ;42;1;9;13;16;57;1082;13.281581811835105;42.018179504888536
PIAGGINE ( Comune )                                       ;40;20;36.9;15;22;46.7;628;15.378794182705963;40.34259188216723
PIAGGINE SOPRANE / PIAGGINE                               ;40;21;1;15;23;0.9;656;15.382752803730606;40.34929067280193
PIANI DI PRATO                                            ;40;50;8.9;14;38;58.6;849;14.648743324262176;40.83481070645439
PIANO DI SORRENTO (Casa d'Ardia)                          ;40;37;30.5;14;25;32.2;231;14.424745010196085;40.624147733947915
PIANO DI SORRENTO (Colli S. Pietro)                       ;40;37;5.4;14;25;45.4;309;14.42841063073854;40.61716618058696
PIANO DI SORRENTO (Istituto Nautico)                      ;40;37;59.7;14;24;41.5;96;14.410675107010968;40.63223865381097
PIANO DI VERTEGLIA                                        ;40;49;37.8;14;58;48.4;1190;14.97926877075644;40.82616399213463
PICERNO                                                   ;40;38;25.6;15;38;10.1;683;15.635305930123854;40.639454013855044
PICINISCO                                                 ;41;38;35.1;13;52;13;678;13.869373589360459;41.64208013331792
PICINISCO (Grotta Campanara)                              ;41;40;8;13;54;9;825;13.901594670961318;41.6679092588455
PICO                                                      ;41;27;7.1;13;33;37.9;190;13.559645644902389;41.45096466783372
PIEDIMONE D'ALIFE (Osserv.) / PIEDIM. D'ALIFE (Monte Muto);41;21;57.3;14;23;19.1;544;14.387756136743597;41.3649372055684
PIEDIMONTE D'ALIFE (Scuola Agraria)                       ;41;21;16;14;22;44.9;187;14.378276299069492;41.35346482164776
PIEDIMONTE D'ALIFE / PIDIMONTE MATESE                     ;41;21;30.8;14;22;15.5;180;14.370095904216557;41.357563806042506
PIETRAMELARA                                              ;41;16;6.1;14;11;10.9;138;14.185486465224576;41.267356487578304
PIETRAROIA                                                ;41;21;6;14;33;10.9;772;14.552170945085619;41.350687869476275
PIGNATARO MAGGIORE                                        ;41;11;30.8;14;10;32.1;101;14.174701234956112;41.190885495882775
POLLA                                                     ;40;31;6;15;29;10.9;497;15.48553295156599;40.51734619982599
 POLLA (Molino Maltempo Enel)                           ;40;31;49;15;29;0.9;460;15.482750164116423;40.529294602963006
POMIGLIANO D'ARCO                                      ;40;54;6;14;22;11;30;14.368834966643483;40.900685641431245
POMPEI (Osserv.) / POMPEI (Santuario) / VALLE DI POMPEI;40;45;6;14;30;9.3;14;14.501707253156754;40.75067096599789
PONTE CASALDUNI                                        ;41;15;46.8;14;41;59.8;271;14.699073285314663;41.26202582102733
PONTE CAMERELLE                                        ;40;44;7.1;14;41;8.4;112;14.684800957745905;40.73430809412773
PONTECAGNANO (Aeronautica Militare)                    ;40;37;32.1;14;54;38.9;34;14.909951156242968;40.624572373839804
PONTECAGNANO / PONTECAGNANO (Paese)                    ;40;39;6;14;52;10.9;31;14.868849011896353;40.6506853602813
PONTECORVO (Enel)                                      ;41;28;7.6;13;37;57.7;69;13.631805537428178;41.4677793074424
PONZA                                                  ;40;53;6.1;12;57;10.9;82;12.952131673808513;40.884011542867604
PONZA (Aeroporto Militare)                             ;40;54;4.5;12;57;30.3;186;12.957507610553003;40.900230350774734
PONZA (Semaforo)                                       ;40;53;3.4;12;57;21.8;290;12.955156860175592;40.88328158540731
PORTICI / PORTICI (Scuola Agraria)                     ;40;49;1.7;14;21;7.1;92;14.351103996199837;40.81614337861629
POSITANO                                               ;40;37;52.5;14;28;55.3;176;14.481165939466319;40.63024361643677
POZZO SAN ROMANO                                       ;40;50;49.1;14;37;5.6;767;14.617366852396133;40.84598040052318
POZZUOLI                                               ;40;49;50.8;14;8;11.4;166;14.135622999023855;40.82977403796973
POZZUOLI (Sede Enel)                                   ;40;49;40.1;14;7;30.9;41;14.124383641858078;40.826797616855096
POZZUOLI /POZZUOLI (Solfatara)                         ;40;49;50.8;14;8;11.4;134;14.135622999023855;40.82977403796973
PRATA SANNITA                                          ;41;26;4;14;13;0.5;331;14.215920812681523;41.43346812390988
PRATELLA                                               ;41;24;29.7;14;10;54.7;159;14.180977742441977;41.407265346283836
PRATOLA SERRA                                          ;40;59;4.1;14;50;57.9;281;14.84856599601477;40.98346872473766
PRESA SUIO                                             ;41;18;53.6;13;53;36.6;38;13.892601842058134;41.313885403975625
PRESENZANO                                             ;41;22;15;14;6;21.9;139;14.105207963718076;41.369851656194804
PROCIDA (Porto)                                        ;40;45;7.2;14;1;8.4;10;14.018128892984778;40.75099310264658
PUGLIANO (Resina)                                      ;40;49;6.1;14;21;10.9;95;14.352159439179614;40.81734742325637
QUINDICI                                               ;40;51;56.4;14;38;59.1;269;14.648882235468799;40.864673905531895
RAVELLO                                                ;40;38;58;14;36;55;300;14.6144169018705;40.648440465520245
REINO                                                  ;41;17;33.8;14;49;23.8;404;14.822416502155185;41.291737412799016
RIPI                                                   ;41;36;47;13;25;33;275;13.424914191175526;41.61207057098779
ROCCADASPIDE                                           ;40;25;37.3;15;11;37.9;350;15.193025585901225;40.4260431072549
ROCCADEVANDRO                                          ;41;23;22.1;13;54;32.8;217;13.908237047145779;41.38848100287079
ROCCAGLORIOSA                                          ;40;6;34.6;15;26;1.1;386;15.432805134286108;40.10859212394612
ROCCAMONFINA                                           ;41;17;32.5;13;59;6.9;610;13.984368924327953;41.29136630053529
ROCCAROMANA                                            ;41;16;32.4;14;13;28.8;183;14.223794065646153;41.27467412456292
ROCCASECCA                                             ;41;33;8;13;40;21.9;283;13.671869167439008;41.55124009452143
ROCCASICURA                                            ;41;41;48;14;13;48.9;725;14.229376229145847;41.69568613131362
ROCCAVIVI                                              ;41;48;47;13;32;14.9;471;13.536582481228358;41.81207252837163
ROCCHETTA A VOLTURNO                                   ;41;38;20;14;4;34;560;14.075215134538702;41.637912998306376
ROFRANO                                                ;40;12;51;15;25;25.9;405;15.423022554383012;40.21317377669046
ROSCIGNO                                               ;40;24;9.1;15;20;26.9;500;15.339964991497755;40.40151507830474
RUOTI                                                  ;40;43;6;15;40;11;667;15.668877517760427;40.7173507917171
RUTINO                                                 ;40;18;7.9;15;4;14;388;15.069717511016435;40.301181101173334
S. AGATA DEI GOTI                                      ;41;5;32;14;30;22;139;14.505227121204289;41.09124276998695
S. ANDREA AL PIZZONE                                   ;41;8;50.1;14;2;19.9;13;14.037983406380382;41.14624514087907
S. ANGELO IN THEODICE                                  ;41;26;45.1;13;49;60;47;13.832438466548462;41.44486994830139
S. ANGELO A FASANELLA                                  ;40;27;24.6;15;20;40.2;501;15.343658841380105;40.455837651629814
S. ANGELO D'ALIFE                                      ;41;20;30.4;14;15;52.8;146;14.26378947925011;41.34079133468464
S. ANTIMO                                              ;40;56;6.1;14;14;10.9;73;14.235492362916478;40.934019778680096
S. BENEDETTO DEI MARSI / S.BENEDETTO (E. F.)           ;42;0;44;13;37;60;691;13.632415879321453;42.01124261135406
S. BIAGIO SARACINESCO                                  ;41;36;54;13;55;37;838;13.926045718932494;41.614017439479554
S. BIAGIO SARACINESCO (Contrada Selva - Enel)          ;41;36;6;13;56;10.9;1050;13.935482562635858;41.600684745731535
S. CARLO (Sessa Aurunca)                               ;41;18;39.1;13;55;9.3;380;13.918366095461572;41.309860877528145
S. CROCE DEL SANNIO                                    ;41;23;21.3;14;44;0.3;696;14.732544131743277;41.388269536977965
S. DOMENICO DI SORA (Pr)                               ;41;41;51;13;34;51;271;13.579919964487924;41.69652062265042
S. DOMENICO DI SORA (Cartiera Boimond) (P)             ;41;41;54.3;13;34;53.8;271;13.580704904061532;41.697440003280974
S. DONATO VAL DI COMINO                                ;41;42;31;13;48;51.9;657;13.813537088045035;41.70762781706135
S. ELIA FIUME RAPIDO / CHIUSANOVA S. ELIA              ;41;32;40;13;52;11;111;13.868815412933028;41.54346570069287
S. FRANCESCA DI VEROLI                                 ;41;43;9;13;27;1.9;486;13.449637476856308;41.718181841610615
S. GIORGIO A LIRI                                      ;41;24;31.8;13;45;58.6;38;13.765385338445254;41.40784359475456
S. GIORGIO LA MOLARA                                   ;41;16;23.1;14;55;9.9;609;14.91857103099964;41.27208263507803
S. GIOVANNI INCARICO                                   ;41;30;38.9;13;33;49.2;82;13.562763379535491;41.50981078463071
S. GIOVANNI A PIRO                                     ;40;3;1.5;15;27;8.7;467;15.45158677838995;40.049426724536104
S. GREGORIO D'ALIFE                                    ;41;23;11.3;14;22;38.5;735;14.376476427267102;41.38547682223613
S. GREGORIO MATESE / (Enel)                            ;41;23;22.1;14;21;18.9;525;14.354380311326072;41.38847155707153
S. LEUCIO DEL SANNIO (BENEVENTO)                       ;41;4;33.1;14;45;31.9;350;14.758006893406291;41.074854629566666
S. LORENZO MAGGIORE                                    ;41;15;9.3;14;37;44.6;319;14.628186857397619;41.25159493246403
S. MARIA CAPUA VETERE                                  ;41;4;47.5;14;15;6.7;34;14.250982474401427;41.07886278998523
S. MARTINO VALLE CAUDINA                               ;41;1;46;14;40;28.1;275;14.673612506667759;41.02845312032839
S. MAURO CILENTO                                       ;40;14;6;15;2;10.9;295;15.035511296906456;40.23400520446604
S. MAURO LA BRUCA                                      ;40;7;24.5;15;17;19.2;470;15.287824516834334;40.12245834079761
S. NAZZARO CALVI                                       ;41;3;11.1;14;51;26.9;486;14.85661955410624;41.05207598463384
S. PIETRO AVELLANA                                     ;41;46;8;14;11;53;902;14.19715999424964;41.76790822574333
 S. PIETRO INFINE                                      ;41;27;6;13;58;10.9;314;13.968814329864763;41.45068601103137
S. RUFO                                               ;40;26;10.1;15;28;3.9;635;15.466913882287438;40.43512627035552
S. SUMINO (VALLO DELLA LUCANIA)                       ;40;12;10.5;15;16;40.3;475;15.277021500415648;40.20190306753018
S. VITO ROMANO/ (Sacco)                               ;41;52;56;12;58;51;675;12.979907085278798;41.881235997474455
S.MAURO                                               ;40;45;54.5;14;37;59.8;37;14.63240979458132;40.76414254075512
S.PIETRO                                              ;40;49;9.6;14;47;16.2;241;14.786973341654019;40.818339036409384
SALA CONSILINA                                        ;40;24;9.7;15;35;41;611;15.593894327159491;40.40169686094077
SALERNO                                               ;40;40;44.7;14;45;7.1;13;14.751117184500778;40.67806719998993
SALERNO (Contrada Pastena)                            ;40;39;56.1;14;47;32.9;2;14.791615870566234;40.66457132606705
SANZA / SANZA (Enel)                                  ;40;14;40;15;33;10.9;569;15.552195064004215;40.243450453863034
SARNO (Sanatorio)                                     ;40;49;13;14;37;3.4;181;14.616749575182721;40.81927745129131
SARNO / SARNO (S.Maria La Foce)                       ;40;50;0.3;14;35;31.7;36;14.591269194630145;40.83242334653431
SASSANO                                               ;40;21;6;15;34;11;500;15.568871281341067;40.350678184648
SATRIANO DI LUCANIA                                   ;40;32;43.4;15;38;23.2;640;15.638953292470877;40.54438288901683
SCAFATI (Ist. Sp. Tabacchi) / SCAFATI                 ;40;44;40.1;14;30;43.9;9;14.511331369037554;40.743460262254594
SCALA                                                 ;40;38;34.1;14;36;17.2;255;14.60391773156351;40.641801559980365
SEGNI                                                 ;41;41;51;13;1;35;652;13.025464081919408;41.696516386960234
SENERCHIA                                             ;40;44;35;15;12;21.6;593;15.20515270268475;40.74206028677122
SENERCHIA                                             ;40;44;22.5;15;12;23.6;582;15.205710537577044;40.73859099595611
SEPINO                                                ;41;24;29.1;14;37;11;686;14.618843110259899;41.40708105776057
SERINO (Sorgente Pelosi)                              ;40;52;8.1;14;51;58.9;373;14.865514042474816;40.86791349234701
SERINO (Sorgente Urciuoli)                            ;40;53;30.9;14;50;48;331;14.84580951207926;40.89092319283935
SESSA AURUNCA                                         ;41;14;20;13;56;5.9;200;13.934099625698767;41.237911357590484
SETTEFRATI ( Madonna del Canneto)                     ;41;40;40.9;13;54;14.6;1183;13.903169415716796;41.67703930210551
SETTEFRATI (Paese)                                    ;41;40;16.6;13;51;9.8;768;13.851834148678629;41.67029608591322
SGURGOLA                                              ;41;40;20;13;8;52.9;379;13.147128018401448;41.67123525984746
SICIGNANO (Castelluccio Cosentino) / CASTELLUCCIO COS.;40;34;57;15;20;24.9;420;15.339409443992066;40.58151529845081
SORA                                                  ;41;42;5;13;35;15.9;273;13.586864971968119;41.700407097831764
SORA ( I.T.G. Nervi  )                             ;41;42;49;13;36;14;276;13.602980917432198;41.71262818648497
SORBO SERPICO(Loc.Saliceto)                           ;40;55;2;14;53;21.9;488;14.888572930037112;40.91624076485056
SORRENTO                                              ;40;37;6.1;14;22;10.9;269;14.368825722899912;40.61735138854261
SPARANISE                                             ;41;11;19.1;14;5;47;68;14.095495208951219;41.18763335420507
SPERLONGA                                             ;41;15;39.3;13;25;43.5;4;13.427856387648184;41.259916864311585
SS. COSMO E DAMIANO                                   ;41;18;6;13;48;50;196;13.812988543159348;41.300688598892556
STELLA CILENTO                                        ;40;13;58.5;15;5;37.6;393;15.092932866184224;40.23190118799465
TEANO                                                 ;41;15;9.1;14;4;0.9;171;14.066040675949795;41.25152381320936
TEGGIANO                                              ;40;22;46.6;15;32;30.5;620;15.540963056094014;40.378605145727974
TELESE                                                ;41;12;57.3;14;31;57.8;59;14.531852466900807;41.214924233822074
TERELLE                                               ;41;33;14.1;13;46;38.2;950;13.776381666341756;41.55292231354523
TORCHIARA                                             ;40;19;3.1;15;3;26.9;300;15.056621991633484;40.31651298182107
TORELLA DEI LOMBARDI                                  ;40;56;29.1;15;6;58;652;15.115242677496813;40.94041523351738
TORRACA                                               ;40;6;43.9;15;38;16.5;414;15.637098905209221;40.111198257495204
TORRE DEL GRECO                                       ;40;47;43.9;14;22;53.7;117;14.380711032057082;40.794532809744325
TORRIELLO                                             ;40;50;53.7;14;37;37;848;14.62607877932124;40.84725212482393
TRAMONTI (Casa Salzano) / TRAMONTI (Fraz.Gete)        ;40;41;33.1;14;38;41.9;286;14.644111881311293;40.69151611052803
TRAMONTI (Frazione Chiunzi)                           ;40;43;7.8;14;37;25.5;613;14.62287308510867;40.71782586882153
TRAMONTI (Frazione Pietri)                            ;40;42;3.4;14;37;35.3;356;14.625601662330125;40.699952690298865
TRENTOLA / TRENTOLA DUCENTA                           ;40;58;39.1;14;10;38.9;44;14.176606352954243;40.97651990978846
TRIVENTO / TRIVENTO (Centola)                         ;40;2;38.9;15;19;7.2;36;15.317828150453671;40.04312264012805
VAIRANO PATENORA                                      ;41;20;0.7;14;7;56.3;154;14.13142408200057;41.3325363549552
VALLATA                                               ;41;2;15;15;15;10.9;850;15.252188301811847;41.036521449094074
VALLELUCE                                             ;41;34;41;13;51;13;708;13.852707262148293;41.577073606109636
VALLEROTONDA                                          ;41;32;6;13;55;11;812;13.918823195368171;41.53402095331589
VALLO DELLA LUCANIA                                   ;40;13;53.3;15;16;20;411;15.271378114893299;40.23047615666429
VALLO DELLA LUCANIA (Cann.)                           ;40;14;6;15;17;10.9;450;15.28552201743502;40.234009831271365
VALMONTONE / (Sacco)                                  ;41;46;36;12;55;5.9;274;12.917399303657255;41.77568306608378
VALVA                                                 ;40;45;6;15;16;11;540;15.268862004227099;40.75068577453925
VENA (Impianto Idrovoro)                              ;40;59;27.3;13;59;45.4;1;13.995071974722242;40.98993450309182
VENAFRO                                               ;41;29;3;14;2;57.9;176;14.048539648395217;41.48318681402022
VETTICA MINORE                                        ;40;37;23.7;14;34;49.8;108;14.579642395848365;40.62224793032209
VIETRI DI POTENZA                                     ;40;35;34.1;15;31;0.6;682;15.515993353138818;40.59180712554115
VIETRI SUL MARE                                       ;40;40;30.4;14;43;46.7;143;14.728792735178061;40.67410716020385
VILLA LITERNO                                         ;41;0;34.1;14;4;34.9;9;14.075486779631133;41.00846139173962
VILLA LITERNO (Campo Volturno)                        ;40;58;20.1;14;5;32.9;19;14.091599576458304;40.97124224200639
VILLAVALLELONGA                                       ;41;52;34;13;37;0.9;944;13.616028793587766;41.87513051762609
VITULANO                                              ;41;10;26;14;39;4.3;412;14.650329295725271;41.172890976852294
VITULAZIO                                             ;41;10;6.1;14;13;10.9;94;14.218827632920977;41.167358696429396
VOLTURARA IRPINA                                      ;40;52;6;14;55;10.9;814;14.918843389375752;40.86735077282399
